"";"JobTitle";"Gender";"Age";"PerfEval";"Education";"Dept";"Seniority";"BasePay";"Bonus"
"1";"Graphic Designer";"Female";18;5;"College";"Operations";2;42363;9938
"2";"Software Engineer";"Male";21;5;"College";"Management";5;108476;11128
"3";"Warehouse Associate";"Female";19;4;"PhD";"Administration";5;90208;9268
"4";"Software Engineer";"Male";20;5;"Masters";"Sales";4;108080;10154
"5";"Graphic Designer";"Male";26;5;"Masters";"Engineering";5;99464;9319
"6";"IT";"Female";20;5;"PhD";"Operations";4;70890;10126
"7";"Graphic Designer";"Female";20;5;"College";"Sales";4;67585;10541
"8";"Software Engineer";"Male";18;4;"PhD";"Engineering";5;97523;10240
"9";"Graphic Designer";"Female";33;5;"High School";"Engineering";5;112976;9836
"10";"Sales Associate";"Female";35;5;"College";"Engineering";5;106524;9941
"11";"Graphic Designer";"Male";24;5;"PhD";"Engineering";5;102261;10212
"12";"Driver";"Female";18;5;"College";"Management";3;62759;10124
"13";"Financial Analyst";"Female";19;5;"College";"Sales";3;84007;8990
"14";"Warehouse Associate";"Female";30;5;"Masters";"Administration";5;86220;9583
"15";"Warehouse Associate";"Female";35;5;"PhD";"Operations";4;95584;9745
"16";"Marketing Associate";"Female";27;5;"PhD";"Management";3;73357;10334
"17";"Financial Analyst";"Female";23;5;"PhD";"Administration";5;88422;10768
"18";"Warehouse Associate";"Female";24;5;"College";"Administration";5;99545;9949
"19";"Sales Associate";"Male";21;5;"High School";"Engineering";5;90386;9461
"20";"Data Scientist";"Female";30;5;"College";"Engineering";5;92067;9838
"21";"Warehouse Associate";"Male";36;5;"PhD";"Engineering";5;108446;9210
"22";"Financial Analyst";"Male";24;5;"PhD";"Sales";3;83323;9329
"23";"Warehouse Associate";"Male";24;5;"PhD";"Sales";3;85205;9792
"24";"Driver";"Female";35;5;"College";"Management";1;72038;9031
"25";"Software Engineer";"Male";21;4;"PhD";"Engineering";5;132823;9625
"26";"Graphic Designer";"Female";26;5;"College";"Engineering";2;71182;10015
"27";"Software Engineer";"Male";19;5;"Masters";"Administration";4;100305;9618
"28";"Graphic Designer";"Male";35;5;"PhD";"Management";3;88566;9469
"29";"Warehouse Associate";"Male";34;5;"PhD";"Engineering";4;104271;10177
"30";"IT";"Female";38;5;"College";"Administration";5;112392;10504
"31";"Software Engineer";"Male";20;5;"Masters";"Management";2;66359;10137
"32";"Sales Associate";"Male";35;5;"Masters";"Management";5;103007;10512
"33";"Marketing Associate";"Female";26;5;"PhD";"Operations";4;80306;9233
"34";"Data Scientist";"Female";22;5;"High School";"Engineering";3;74523;9972
"35";"Data Scientist";"Female";45;5;"PhD";"Management";5;113252;10139
"36";"Software Engineer";"Male";27;5;"PhD";"Management";4;96040;10050
"37";"Software Engineer";"Male";21;5;"High School";"Management";4;91674;9780
"38";"Software Engineer";"Male";31;5;"High School";"Operations";3;92928;9094
"39";"IT";"Female";33;5;"College";"Management";4;84638;9409
"40";"IT";"Male";19;5;"College";"Administration";4;78986;9023
"41";"Data Scientist";"Male";29;5;"PhD";"Administration";5;96355;9784
"42";"Data Scientist";"Male";32;5;"PhD";"Management";3;87121;8703
"43";"Software Engineer";"Male";31;5;"PhD";"Sales";2;88724;8949
"44";"Warehouse Associate";"Male";22;5;"Masters";"Engineering";2;58219;9868
"45";"Software Engineer";"Male";25;5;"Masters";"Sales";5;119024;11293
"46";"Software Engineer";"Male";22;5;"Masters";"Management";3;81503;9729
"47";"Data Scientist";"Female";21;5;"PhD";"Operations";3;70643;10033
"48";"Graphic Designer";"Female";26;5;"PhD";"Sales";3;74167;10346
"49";"Marketing Associate";"Male";21;5;"College";"Management";5;86886;9424
"50";"IT";"Female";22;5;"High School";"Sales";4;102120;10215
"51";"Sales Associate";"Male";18;4;"Masters";"Operations";5;90780;9353
"52";"Software Engineer";"Male";18;4;"Masters";"Operations";4;89474;9104
"53";"Marketing Associate";"Female";35;5;"PhD";"Engineering";5;97376;9564
"54";"Data Scientist";"Female";33;5;"Masters";"Sales";2;89415;9654
"55";"Software Engineer";"Female";22;4;"Masters";"Operations";3;88037;8949
"56";"Data Scientist";"Female";24;4;"College";"Administration";4;71105;8623
"57";"Driver";"Female";31;5;"High School";"Engineering";2;62692;8886
"58";"Software Engineer";"Male";40;5;"PhD";"Management";4;112466;9493
"59";"Data Scientist";"Female";49;5;"College";"Operations";3;71193;8331
"60";"Marketing Associate";"Female";20;5;"Masters";"Administration";4;76286;9479
"61";"Financial Analyst";"Male";18;5;"PhD";"Engineering";4;97328;9874
"62";"Graphic Designer";"Male";34;5;"Masters";"Management";3;86766;9841
"63";"Warehouse Associate";"Female";41;5;"College";"Operations";2;82453;9564
"64";"Software Engineer";"Male";19;5;"PhD";"Administration";3;88814;10153
"65";"Driver";"Male";31;5;"College";"Management";4;82832;9958
"66";"Sales Associate";"Female";33;5;"High School";"Engineering";3;83034;8841
"67";"Warehouse Associate";"Female";53;5;"College";"Engineering";5;127085;9687
"68";"Sales Associate";"Male";24;5;"High School";"Administration";1;66168;9242
"69";"Data Scientist";"Male";18;5;"PhD";"Administration";4;59212;10209
"70";"Data Scientist";"Male";18;5;"High School";"Operations";2;55189;9405
"71";"Manager";"Male";25;5;"College";"Engineering";5;131311;11067
"72";"Sales Associate";"Female";31;5;"College";"Management";1;52633;9516
"73";"Warehouse Associate";"Female";31;4;"PhD";"Operations";5;101154;10324
"74";"Financial Analyst";"Female";42;5;"College";"Engineering";5;113640;8762
"75";"Data Scientist";"Male";22;4;"High School";"Management";2;50401;8590
"76";"Marketing Associate";"Female";23;5;"PhD";"Administration";3;46263;9432
"77";"Warehouse Associate";"Female";36;4;"College";"Management";3;74938;8234
"78";"Marketing Associate";"Female";39;5;"College";"Sales";5;103384;9168
"79";"Warehouse Associate";"Female";39;5;"College";"Engineering";2;77584;9798
"80";"Graphic Designer";"Male";23;5;"Masters";"Management";3;83031;10240
"81";"Financial Analyst";"Male";29;5;"Masters";"Engineering";5;111019;10042
"82";"Warehouse Associate";"Female";25;3;"Masters";"Engineering";4;80192;8747
"83";"Warehouse Associate";"Male";21;5;"PhD";"Management";1;48755;9931
"84";"Warehouse Associate";"Male";28;5;"High School";"Engineering";2;59044;9368
"85";"Manager";"Male";29;4;"PhD";"Engineering";5;146615;10173
"86";"Data Scientist";"Female";32;5;"PhD";"Engineering";1;46693;8457
"87";"IT";"Female";48;5;"PhD";"Operations";3;88152;8857
"88";"Data Scientist";"Female";38;5;"Masters";"Administration";5;127156;9979
"89";"Graphic Designer";"Male";31;5;"PhD";"Engineering";1;69462;8872
"90";"Manager";"Male";19;4;"PhD";"Sales";5;119162;9395
"91";"Software Engineer";"Male";26;5;"PhD";"Operations";2;68466;8384
"92";"Financial Analyst";"Female";36;5;"Masters";"Administration";3;92622;8509
"93";"Marketing Associate";"Female";34;5;"Masters";"Engineering";1;51331;9130
"94";"Warehouse Associate";"Male";49;5;"High School";"Sales";4;109419;8375
"95";"Software Engineer";"Male";18;5;"College";"Operations";3;80355;9945
"96";"Driver";"Female";21;4;"Masters";"Sales";4;77032;8725
"97";"Financial Analyst";"Female";47;5;"High School";"Sales";5;146190;8961
"98";"Graphic Designer";"Female";22;4;"Masters";"Administration";4;96045;9129
"99";"Software Engineer";"Male";29;5;"High School";"Management";1;82534;8914
"100";"IT";"Male";55;5;"College";"Management";5;127769;8802
"101";"Marketing Associate";"Female";34;5;"High School";"Sales";5;96061;9093
"102";"Warehouse Associate";"Female";48;5;"College";"Management";5;111342;10122
"103";"Financial Analyst";"Female";43;5;"PhD";"Management";3;117554;8369
"104";"Financial Analyst";"Female";30;5;"High School";"Engineering";5;109369;10052
"105";"Warehouse Associate";"Female";25;4;"Masters";"Operations";4;92358;9611
"106";"Financial Analyst";"Female";21;4;"Masters";"Operations";4;91978;8647
"107";"Sales Associate";"Male";28;5;"PhD";"Administration";1;52290;9330
"108";"IT";"Male";18;5;"High School";"Engineering";1;47036;9130
"109";"Warehouse Associate";"Male";46;5;"PhD";"Sales";1;76517;8502
"110";"Marketing Associate";"Female";29;4;"Masters";"Administration";5;89822;8818
"111";"Driver";"Male";32;4;"PhD";"Engineering";4;90368;8215
"112";"Financial Analyst";"Male";26;5;"College";"Engineering";4;106194;9421
"113";"Warehouse Associate";"Female";51;5;"High School";"Management";3;87684;8645
"114";"Marketing Associate";"Female";40;5;"Masters";"Administration";3;62040;8056
"115";"Sales Associate";"Female";52;5;"Masters";"Engineering";2;84132;7204
"116";"Financial Analyst";"Female";29;4;"Masters";"Administration";4;88047;8459
"117";"Driver";"Female";37;5;"Masters";"Administration";2;65012;8357
"118";"Marketing Associate";"Female";23;4;"Masters";"Engineering";4;59251;8596
"119";"Graphic Designer";"Female";18;4;"PhD";"Operations";3;78462;8743
"120";"Driver";"Male";40;5;"College";"Management";2;97414;8833
"121";"Driver";"Female";18;4;"Masters";"Administration";2;42722;8515
"122";"Marketing Associate";"Female";26;4;"College";"Management";3;63695;8897
"123";"Data Scientist";"Male";51;5;"PhD";"Operations";4;110731;8643
"124";"Software Engineer";"Male";54;5;"PhD";"Administration";4;125572;8245
"125";"Driver";"Male";49;5;"Masters";"Operations";2;72754;8014
"126";"IT";"Female";26;5;"College";"Administration";2;53956;9454
"127";"Sales Associate";"Male";58;5;"High School";"Engineering";5;135013;8972
"128";"IT";"Female";49;5;"College";"Management";3;108495;8668
"129";"Financial Analyst";"Female";27;4;"High School";"Administration";4;87608;7511
"130";"Data Scientist";"Male";38;5;"College";"Administration";5;101173;9255
"131";"IT";"Male";53;5;"PhD";"Management";5;126828;9310
"132";"Financial Analyst";"Male";49;5;"High School";"Engineering";4;102716;8290
"133";"Marketing Associate";"Male";26;4;"High School";"Engineering";5;77793;8700
"134";"Marketing Associate";"Female";44;5;"High School";"Sales";1;57469;7539
"135";"Graphic Designer";"Male";33;5;"Masters";"Management";3;83758;8498
"136";"Graphic Designer";"Male";22;5;"PhD";"Administration";1;40187;8549
"137";"Financial Analyst";"Male";41;5;"Masters";"Engineering";3;98531;6855
"138";"Financial Analyst";"Male";26;4;"College";"Operations";4;104435;7802
"139";"Data Scientist";"Male";29;5;"High School";"Administration";1;67617;9075
"140";"Driver";"Female";24;4;"High School";"Administration";5;91049;10375
"141";"Manager";"Female";32;5;"PhD";"Operations";1;98519;8943
"142";"Marketing Associate";"Female";36;4;"High School";"Operations";5;91713;7627
"143";"Warehouse Associate";"Female";41;4;"Masters";"Engineering";3;88994;8873
"144";"Financial Analyst";"Male";44;5;"Masters";"Administration";4;119381;9345
"145";"Financial Analyst";"Female";43;5;"High School";"Sales";5;113180;9089
"146";"Warehouse Associate";"Male";48;5;"PhD";"Management";2;68639;9553
"147";"Software Engineer";"Female";28;3;"PhD";"Engineering";4;103763;8383
"148";"Software Engineer";"Male";40;5;"College";"Management";1;68295;7902
"149";"Manager";"Male";21;4;"High School";"Engineering";3;103107;9036
"150";"Warehouse Associate";"Female";19;4;"College";"Sales";2;64844;9042
"151";"Driver";"Female";61;5;"PhD";"Sales";4;129132;8472
"152";"Warehouse Associate";"Female";57;5;"High School";"Engineering";3;93470;8578
"153";"Data Scientist";"Male";28;4;"Masters";"Administration";5;97625;7985
"154";"Graphic Designer";"Female";52;5;"College";"Administration";1;66529;7067
"155";"Data Scientist";"Female";48;5;"Masters";"Management";1;100115;7679
"156";"Warehouse Associate";"Female";57;5;"PhD";"Administration";2;86423;8058
"157";"Sales Associate";"Male";30;4;"Masters";"Sales";5;115165;8841
"158";"Data Scientist";"Female";53;5;"Masters";"Engineering";5;133495;8552
"159";"Marketing Associate";"Male";47;5;"Masters";"Operations";3;86516;8049
"160";"IT";"Male";18;4;"Masters";"Administration";4;69855;8347
"161";"Sales Associate";"Female";35;4;"PhD";"Sales";1;84844;7205
"162";"Graphic Designer";"Female";51;5;"College";"Operations";3;108241;8602
"163";"Warehouse Associate";"Female";51;5;"High School";"Sales";3;106478;8744
"164";"Financial Analyst";"Male";38;4;"College";"Management";5;114421;7444
"165";"Software Engineer";"Male";24;4;"Masters";"Management";1;79208;8602
"166";"Software Engineer";"Male";49;5;"Masters";"Administration";5;142105;9653
"167";"Sales Associate";"Male";22;5;"High School";"Administration";1;57783;9306
"168";"Marketing Associate";"Female";33;5;"High School";"Operations";2;46903;8130
"169";"Financial Analyst";"Male";36;5;"Masters";"Operations";1;71858;7475
"170";"Marketing Associate";"Female";27;5;"High School";"Management";1;44325;8867
"171";"Driver";"Male";39;5;"High School";"Engineering";4;100183;8832
"172";"Graphic Designer";"Male";19;4;"Masters";"Sales";1;61000;8872
"173";"Software Engineer";"Male";59;5;"Masters";"Engineering";1;109623;6897
"174";"Marketing Associate";"Female";20;3;"PhD";"Sales";5;60070;8273
"175";"IT";"Female";29;4;"Masters";"Management";3;72542;8109
"176";"Driver";"Male";54;5;"PhD";"Administration";4;110049;8928
"177";"IT";"Female";30;4;"Masters";"Engineering";2;80981;8201
"178";"IT";"Female";42;5;"College";"Operations";2;83499;8950
"179";"Driver";"Female";42;4;"Masters";"Management";4;106788;8974
"180";"Warehouse Associate";"Female";50;4;"Masters";"Engineering";5;108922;8477
"181";"IT";"Female";43;5;"PhD";"Administration";5;127062;9619
"182";"Software Engineer";"Male";64;5;"College";"Sales";4;120593;7573
"183";"Manager";"Male";23;4;"PhD";"Administration";1;90685;8816
"184";"Marketing Associate";"Female";33;5;"High School";"Engineering";1;49830;8543
"185";"Software Engineer";"Male";39;4;"High School";"Sales";4;106896;7918
"186";"Sales Associate";"Male";58;5;"PhD";"Sales";2;129425;7524
"187";"Marketing Associate";"Female";24;3;"Masters";"Operations";5;82338;7414
"188";"Marketing Associate";"Female";37;4;"PhD";"Administration";3;86036;7567
"189";"Graphic Designer";"Male";53;5;"High School";"Operations";2;93073;8188
"190";"Software Engineer";"Male";33;5;"PhD";"Administration";2;87352;8435
"191";"Software Engineer";"Male";56;5;"PhD";"Administration";5;139760;9229
"192";"Financial Analyst";"Female";52;5;"High School";"Engineering";2;100070;7169
"193";"Warehouse Associate";"Male";40;5;"Masters";"Sales";4;102815;9090
"194";"Software Engineer";"Male";43;4;"PhD";"Management";5;101262;7794
"195";"Data Scientist";"Male";19;5;"High School";"Operations";2;58054;9585
"196";"Sales Associate";"Female";53;4;"Masters";"Operations";5;129609;7392
"197";"Sales Associate";"Male";44;5;"Masters";"Administration";2;100091;9185
"198";"Manager";"Male";23;4;"Masters";"Sales";3;103479;7850
"199";"Driver";"Female";51;5;"College";"Operations";1;72827;7285
"200";"IT";"Male";20;4;"PhD";"Engineering";2;74073;8509
"201";"Financial Analyst";"Male";47;5;"College";"Administration";2;64852;8023
"202";"Graphic Designer";"Male";49;5;"College";"Management";4;106887;8347
"203";"Software Engineer";"Male";26;4;"College";"Administration";2;77309;7957
"204";"Graphic Designer";"Female";44;4;"High School";"Administration";4;100416;7513
"205";"Software Engineer";"Male";18;3;"Masters";"Engineering";2;88482;7385
"206";"Data Scientist";"Female";32;4;"College";"Management";4;78623;9012
"207";"Sales Associate";"Male";18;4;"High School";"Management";4;80135;9007
"208";"Warehouse Associate";"Female";63;5;"High School";"Sales";2;106158;7654
"209";"Graphic Designer";"Female";37;4;"College";"Engineering";4;89411;9522
"210";"Graphic Designer";"Male";22;4;"Masters";"Sales";2;57398;7827
"211";"Marketing Associate";"Female";64;5;"PhD";"Sales";2;95687;7279
"212";"Graphic Designer";"Female";39;4;"PhD";"Operations";5;120294;8090
"213";"Manager";"Male";20;4;"College";"Sales";2;107140;8199
"214";"Financial Analyst";"Female";39;5;"College";"Operations";1;76773;7278
"215";"Data Scientist";"Female";37;4;"Masters";"Engineering";2;98010;8210
"216";"Data Scientist";"Female";39;4;"PhD";"Management";3;91099;8306
"217";"Financial Analyst";"Male";29;4;"High School";"Management";4;89559;8338
"218";"Software Engineer";"Male";58;5;"High School";"Management";3;120156;7200
"219";"Driver";"Male";38;5;"PhD";"Engineering";4;102966;8978
"220";"Marketing Associate";"Female";64;5;"PhD";"Sales";5;128970;7346
"221";"Warehouse Associate";"Female";51;4;"High School";"Management";5;121376;7832
"222";"Financial Analyst";"Male";53;5;"Masters";"Administration";3;112941;7404
"223";"Graphic Designer";"Male";46;5;"High School";"Engineering";4;102736;9736
"224";"Driver";"Female";28;4;"High School";"Management";1;64008;7185
"225";"IT";"Male";52;5;"Masters";"Engineering";1;90024;7350
"226";"Financial Analyst";"Female";48;4;"Masters";"Management";5;129406;7280
"227";"IT";"Female";34;5;"College";"Operations";1;54245;8245
"228";"Marketing Associate";"Female";27;4;"High School";"Administration";5;67530;9311
"229";"Graphic Designer";"Male";18;4;"High School";"Sales";4;75506;9289
"230";"Graphic Designer";"Female";31;4;"College";"Engineering";2;81826;8375
"231";"Software Engineer";"Female";27;4;"High School";"Operations";1;65711;7789
"232";"Sales Associate";"Male";29;3;"Masters";"Management";2;61164;6346
"233";"Driver";"Female";41;5;"Masters";"Administration";1;73801;8317
"234";"Manager";"Male";62;5;"College";"Administration";5;157410;7840
"235";"Graphic Designer";"Male";23;4;"High School";"Operations";1;50601;7351
"236";"Data Scientist";"Male";29;4;"High School";"Engineering";3;65907;7668
"237";"Data Scientist";"Male";38;5;"High School";"Sales";2;80937;8335
"238";"Driver";"Male";34;4;"College";"Administration";5;90330;7022
"239";"Sales Associate";"Female";62;5;"College";"Operations";2;93268;7657
"240";"IT";"Male";40;4;"College";"Administration";5;109345;7791
"241";"Software Engineer";"Male";27;4;"Masters";"Engineering";1;66084;7769
"242";"Financial Analyst";"Male";35;4;"PhD";"Operations";5;98900;7960
"243";"IT";"Male";19;4;"College";"Engineering";3;78113;9335
"244";"Software Engineer";"Male";36;4;"Masters";"Engineering";5;130826;9694
"245";"Sales Associate";"Male";23;3;"High School";"Engineering";3;85928;7229
"246";"IT";"Male";43;5;"College";"Operations";4;98515;9090
"247";"Graphic Designer";"Female";48;4;"College";"Administration";4;103133;7793
"248";"Marketing Associate";"Female";20;4;"College";"Sales";4;69254;8609
"249";"Graphic Designer";"Male";27;4;"College";"Sales";5;114680;8472
"250";"Driver";"Male";25;3;"PhD";"Engineering";5;92687;7634
"251";"Graphic Designer";"Male";21;3;"Masters";"Engineering";4;72301;8391
"252";"Financial Analyst";"Male";24;4;"Masters";"Administration";1;67749;8517
"253";"Data Scientist";"Female";61;5;"Masters";"Management";2;97000;7757
"254";"Manager";"Male";52;5;"High School";"Operations";2;104526;7253
"255";"Data Scientist";"Male";26;4;"High School";"Management";3;80494;8449
"256";"Financial Analyst";"Female";30;4;"High School";"Operations";2;40341;7320
"257";"Software Engineer";"Male";29;4;"High School";"Engineering";1;74316;8761
"258";"IT";"Female";46;5;"PhD";"Sales";3;102247;8307
"259";"Driver";"Male";49;4;"College";"Sales";5;104657;6839
"260";"Warehouse Associate";"Female";37;3;"High School";"Engineering";5;92722;8010
"261";"Sales Associate";"Female";51;5;"Masters";"Management";1;72120;9084
"262";"Warehouse Associate";"Female";28;4;"Masters";"Operations";1;62260;7740
"263";"Manager";"Male";45;5;"High School";"Engineering";3;123422;8894
"264";"Warehouse Associate";"Male";48;5;"College";"Sales";1;62097;7075
"265";"Data Scientist";"Male";53;5;"High School";"Management";2;102910;8335
"266";"Data Scientist";"Female";29;4;"High School";"Engineering";3;84021;9111
"267";"Warehouse Associate";"Female";19;4;"High School";"Operations";1;37026;8636
"268";"Driver";"Male";18;3;"PhD";"Operations";3;56318;8407
"269";"IT";"Male";28;4;"High School";"Operations";3;64958;7910
"270";"Data Scientist";"Female";31;4;"High School";"Operations";2;55954;7999
"271";"Graphic Designer";"Female";58;4;"PhD";"Sales";3;108820;7776
"272";"IT";"Female";41;5;"High School";"Operations";3;100014;8621
"273";"Driver";"Male";36;4;"PhD";"Operations";3;88213;8581
"274";"Sales Associate";"Female";34;3;"High School";"Sales";4;108288;7491
"275";"Driver";"Male";56;5;"Masters";"Sales";5;100859;8388
"276";"Financial Analyst";"Female";30;4;"Masters";"Administration";5;114007;9248
"277";"Warehouse Associate";"Male";37;4;"High School";"Management";3;83025;8105
"278";"IT";"Male";28;4;"High School";"Administration";5;95964;9147
"279";"Warehouse Associate";"Female";47;4;"College";"Administration";2;94973;7885
"280";"Graphic Designer";"Male";44;4;"High School";"Sales";4;102108;8339
"281";"Data Scientist";"Male";24;4;"Masters";"Sales";2;60736;7873
"282";"IT";"Male";47;5;"PhD";"Operations";1;82126;6971
"283";"Financial Analyst";"Male";33;5;"Masters";"Operations";1;69878;8389
"284";"IT";"Female";22;4;"Masters";"Sales";1;37780;8443
"285";"Graphic Designer";"Male";57;4;"Masters";"Management";4;132873;7266
"286";"Financial Analyst";"Male";20;4;"High School";"Operations";2;65164;7827
"287";"IT";"Female";65;5;"Masters";"Administration";4;121210;7949
"288";"Graphic Designer";"Female";49;4;"PhD";"Engineering";2;95169;7415
"289";"Sales Associate";"Male";19;3;"PhD";"Management";4;94492;8209
"290";"Driver";"Female";39;4;"PhD";"Operations";2;75901;7402
"291";"Sales Associate";"Male";33;3;"Masters";"Operations";5;100463;6332
"292";"Sales Associate";"Female";40;4;"Masters";"Operations";5;92276;9551
"293";"Driver";"Female";21;2;"College";"Engineering";5;92458;6966
"294";"Graphic Designer";"Male";46;4;"High School";"Administration";4;88571;7464
"295";"Financial Analyst";"Male";39;4;"PhD";"Management";3;87409;7168
"296";"Warehouse Associate";"Male";58;5;"College";"Sales";4;133927;8278
"297";"Manager";"Male";33;4;"Masters";"Sales";1;90482;7094
"298";"Marketing Associate";"Female";27;4;"High School";"Sales";4;87435;9230
"299";"Graphic Designer";"Female";65;5;"High School";"Operations";4;130251;7750
"300";"Manager";"Female";34;3;"Masters";"Management";2;106560;7257
"301";"Software Engineer";"Male";56;5;"College";"Operations";3;107366;7774
"302";"Warehouse Associate";"Female";34;4;"High School";"Sales";1;56172;7739
"303";"Marketing Associate";"Female";35;4;"Masters";"Sales";2;58807;7316
"304";"Financial Analyst";"Female";49;4;"Masters";"Sales";4;126626;7144
"305";"Manager";"Female";24;3;"PhD";"Sales";3;104202;8456
"306";"Warehouse Associate";"Male";39;4;"PhD";"Operations";3;77793;8093
"307";"Warehouse Associate";"Male";45;4;"High School";"Operations";2;84930;6914
"308";"Driver";"Male";32;3;"Masters";"Engineering";2;69367;6378
"309";"Graphic Designer";"Male";65;5;"Masters";"Operations";5;116751;8505
"310";"Software Engineer";"Male";52;4;"Masters";"Administration";5;139841;7641
"311";"Driver";"Female";52;4;"College";"Administration";2;78750;6666
"312";"Warehouse Associate";"Female";38;3;"College";"Administration";5;93306;8265
"313";"Financial Analyst";"Male";19;4;"Masters";"Operations";2;60892;8462
"314";"Graphic Designer";"Male";20;2;"Masters";"Engineering";5;99543;6111
"315";"Sales Associate";"Female";29;3;"PhD";"Operations";2;56745;6495
"316";"Data Scientist";"Female";29;4;"College";"Operations";1;59458;7939
"317";"Driver";"Female";18;2;"Masters";"Sales";4;71824;6397
"318";"Software Engineer";"Male";64;5;"High School";"Operations";2;111903;6824
"319";"IT";"Male";55;5;"College";"Sales";3;104361;7813
"320";"Warehouse Associate";"Female";22;2;"High School";"Sales";5;91568;7139
"321";"Software Engineer";"Male";59;4;"Masters";"Engineering";4;155834;7101
"322";"Financial Analyst";"Male";30;5;"Masters";"Sales";1;83620;7864
"323";"Marketing Associate";"Female";50;5;"PhD";"Administration";1;81995;7840
"324";"Graphic Designer";"Female";27;4;"PhD";"Sales";1;66125;8465
"325";"Driver";"Male";27;3;"College";"Engineering";5;89678;7778
"326";"Sales Associate";"Female";57;5;"Masters";"Operations";3;98321;8980
"327";"Manager";"Male";48;4;"College";"Management";1;109346;7730
"328";"Manager";"Female";62;4;"Masters";"Sales";4;155203;7808
"329";"IT";"Male";64;5;"PhD";"Management";2;98100;7460
"330";"Data Scientist";"Female";29;3;"High School";"Management";4;73306;7765
"331";"Driver";"Male";40;5;"College";"Engineering";2;68797;7817
"332";"Financial Analyst";"Male";58;4;"College";"Management";4;120154;6751
"333";"Warehouse Associate";"Female";22;3;"College";"Sales";4;76865;8145
"334";"Graphic Designer";"Female";59;4;"PhD";"Management";4;125770;8013
"335";"Financial Analyst";"Female";36;4;"High School";"Administration";5;119931;8400
"336";"Marketing Associate";"Female";55;4;"Masters";"Operations";1;71794;6685
"337";"Driver";"Female";54;4;"College";"Management";2;87998;7028
"338";"Software Engineer";"Male";63;4;"High School";"Administration";5;140445;7905
"339";"Warehouse Associate";"Male";18;2;"College";"Administration";5;85306;7735
"340";"Sales Associate";"Female";31;3;"High School";"Operations";3;77275;7089
"341";"Manager";"Male";48;4;"PhD";"Sales";4;143887;7622
"342";"Driver";"Female";58;4;"High School";"Sales";5;130720;7246
"343";"Software Engineer";"Female";41;4;"PhD";"Sales";1;86675;7947
"344";"Graphic Designer";"Female";22;3;"College";"Operations";2;56954;7550
"345";"IT";"Male";63;5;"Masters";"Operations";5;133472;8688
"346";"Data Scientist";"Male";23;3;"Masters";"Administration";1;62753;7242
"347";"Sales Associate";"Male";63;5;"PhD";"Operations";4;128173;8360
"348";"Software Engineer";"Female";28;3;"College";"Engineering";5;112491;8727
"349";"Marketing Associate";"Female";22;4;"PhD";"Operations";1;36548;8090
"350";"Driver";"Female";62;4;"PhD";"Engineering";1;88781;6413
"351";"Software Engineer";"Male";65;4;"High School";"Management";5;157852;6669
"352";"Financial Analyst";"Male";51;4;"PhD";"Operations";4;113730;6578
"353";"Driver";"Male";57;5;"College";"Management";1;68403;6893
"354";"Manager";"Male";59;4;"PhD";"Sales";5;176789;6773
"355";"Data Scientist";"Female";45;3;"Masters";"Sales";5;129226;6912
"356";"Graphic Designer";"Male";24;3;"College";"Engineering";2;59399;6692
"357";"Sales Associate";"Male";61;5;"PhD";"Management";1;102473;8468
"358";"Manager";"Female";60;4;"PhD";"Management";3;160614;8354
"359";"Sales Associate";"Female";28;3;"PhD";"Sales";3;89570;7411
"360";"Marketing Associate";"Female";41;4;"College";"Sales";3;73989;8780
"361";"Financial Analyst";"Female";35;4;"Masters";"Management";2;67762;7449
"362";"Financial Analyst";"Male";35;4;"College";"Administration";4;90307;7663
"363";"Driver";"Female";38;3;"Masters";"Management";2;77751;6554
"364";"Data Scientist";"Female";57;4;"High School";"Management";1;87150;6814
"365";"Driver";"Female";19;2;"College";"Sales";2;79291;5000
"366";"Graphic Designer";"Male";55;5;"Masters";"Engineering";1;79144;8328
"367";"Manager";"Male";62;5;"PhD";"Engineering";3;150467;8100
"368";"Driver";"Female";31;3;"Masters";"Engineering";2;57070;6615
"369";"Marketing Associate";"Female";49;4;"College";"Sales";4;102201;7640
"370";"Driver";"Male";37;4;"College";"Engineering";3;70088;8244
"371";"Marketing Associate";"Female";24;3;"PhD";"Operations";4;57782;7144
"372";"Manager";"Male";32;3;"High School";"Operations";4;117629;6291
"373";"Sales Associate";"Male";28;3;"Masters";"Administration";5;118653;7036
"374";"Marketing Associate";"Female";38;2;"High School";"Management";5;71772;5764
"375";"Software Engineer";"Male";65;5;"Masters";"Sales";1;134758;7500
"376";"Marketing Associate";"Female";53;5;"College";"Administration";1;66438;6935
"377";"Warehouse Associate";"Male";46;3;"High School";"Operations";4;87134;6184
"378";"Marketing Associate";"Female";57;4;"College";"Operations";3;79674;6993
"379";"Marketing Associate";"Female";45;3;"College";"Engineering";4;85161;6682
"380";"Warehouse Associate";"Female";34;2;"PhD";"Management";5;114479;6700
"381";"Marketing Associate";"Male";25;3;"College";"Operations";4;65547;6530
"382";"Data Scientist";"Female";33;3;"High School";"Administration";3;71946;6386
"383";"Financial Analyst";"Male";64;5;"High School";"Operations";3;96777;7736
"384";"Marketing Associate";"Female";23;3;"PhD";"Administration";3;62054;6955
"385";"Software Engineer";"Male";26;3;"High School";"Sales";2;61527;6345
"386";"Warehouse Associate";"Female";24;3;"High School";"Management";1;64624;8253
"387";"Driver";"Male";49;4;"Masters";"Administration";5;118629;6740
"388";"Data Scientist";"Male";19;2;"PhD";"Management";5;80171;6454
"389";"Sales Associate";"Female";47;3;"College";"Administration";4;105410;6363
"390";"Software Engineer";"Male";36;4;"PhD";"Management";3;112134;8587
"391";"Warehouse Associate";"Female";42;3;"Masters";"Engineering";1;90005;6631
"392";"Marketing Associate";"Female";50;5;"High School";"Operations";1;70374;7466
"393";"Manager";"Male";21;2;"College";"Administration";5;121682;7189
"394";"Marketing Associate";"Female";49;4;"PhD";"Operations";5;104355;7555
"395";"IT";"Female";49;4;"College";"Engineering";1;75811;5520
"396";"Sales Associate";"Male";48;3;"Masters";"Engineering";5;113544;6839
"397";"Graphic Designer";"Female";22;2;"Masters";"Operations";4;107025;6577
"398";"Financial Analyst";"Male";20;3;"PhD";"Operations";3;78564;7875
"399";"Financial Analyst";"Male";47;5;"College";"Operations";3;91905;7614
"400";"Financial Analyst";"Male";60;5;"High School";"Engineering";4;121728;7932
"401";"Marketing Associate";"Male";27;4;"College";"Management";1;54817;6519
"402";"Sales Associate";"Male";20;3;"College";"Operations";1;37898;6448
"403";"IT";"Male";59;5;"PhD";"Operations";1;79544;6760
"404";"Data Scientist";"Female";20;3;"High School";"Engineering";1;40056;7632
"405";"IT";"Female";45;4;"College";"Operations";2;70846;7404
"406";"Marketing Associate";"Female";34;3;"High School";"Sales";5;79707;7196
"407";"Software Engineer";"Male";59;4;"High School";"Operations";4;124817;7268
"408";"Manager";"Male";53;4;"College";"Management";1;123114;6946
"409";"Financial Analyst";"Female";20;3;"High School";"Operations";3;62377;6999
"410";"Data Scientist";"Male";28;3;"Masters";"Sales";3;82850;5794
"411";"IT";"Female";38;4;"High School";"Sales";2;75932;7003
"412";"Manager";"Male";43;3;"PhD";"Management";2;121949;6739
"413";"Marketing Associate";"Female";36;3;"PhD";"Sales";3;82755;7325
"414";"Data Scientist";"Male";45;3;"PhD";"Administration";5;122037;8147
"415";"Warehouse Associate";"Female";19;2;"Masters";"Administration";2;78021;6970
"416";"IT";"Male";18;4;"PhD";"Sales";1;56309;7559
"417";"Financial Analyst";"Male";59;5;"PhD";"Management";1;90002;8123
"418";"IT";"Male";34;3;"College";"Sales";4;91066;6257
"419";"Manager";"Male";32;3;"Masters";"Management";5;118088;7721
"420";"Software Engineer";"Male";29;3;"Masters";"Operations";2;92099;7246
"421";"Financial Analyst";"Female";46;4;"College";"Administration";4;116758;7744
"422";"Marketing Associate";"Female";49;5;"High School";"Sales";2;96500;8092
"423";"Manager";"Male";48;3;"College";"Management";5;138851;6929
"424";"Marketing Associate";"Female";34;4;"College";"Administration";1;49632;7169
"425";"Driver";"Female";45;3;"PhD";"Management";3;76700;7242
"426";"IT";"Male";58;4;"College";"Management";5;131275;6997
"427";"Manager";"Male";21;2;"PhD";"Operations";3;89648;6573
"428";"Graphic Designer";"Female";26;2;"Masters";"Administration";5;100516;6737
"429";"Manager";"Male";20;2;"PhD";"Operations";4;112854;6564
"430";"Software Engineer";"Male";60;4;"Masters";"Sales";5;155676;6586
"431";"Driver";"Male";57;4;"College";"Sales";4;135781;6042
"432";"Sales Associate";"Female";47;3;"College";"Engineering";2;84935;6122
"433";"Warehouse Associate";"Male";31;4;"High School";"Engineering";2;66407;7522
"434";"Driver";"Female";56;4;"PhD";"Sales";3;101249;7329
"435";"Manager";"Male";57;4;"Masters";"Administration";4;143189;6321
"436";"Graphic Designer";"Male";63;5;"PhD";"Engineering";1;105800;7822
"437";"Software Engineer";"Male";63;5;"College";"Operations";2;124871;7327
"438";"Data Scientist";"Male";23;3;"High School";"Sales";3;83894;6922
"439";"Manager";"Female";45;2;"High School";"Management";5;144146;6340
"440";"Marketing Associate";"Female";46;4;"PhD";"Sales";2;69268;7106
"441";"Sales Associate";"Male";63;5;"High School";"Sales";1;85948;7646
"442";"Software Engineer";"Male";20;2;"PhD";"Engineering";4;92289;6643
"443";"Financial Analyst";"Male";45;4;"High School";"Operations";2;75397;6490
"444";"Software Engineer";"Male";65;4;"High School";"Engineering";1;102597;5937
"445";"Sales Associate";"Female";63;4;"PhD";"Engineering";3;127561;7552
"446";"Warehouse Associate";"Male";26;3;"High School";"Sales";3;72945;7279
"447";"Software Engineer";"Male";60;3;"PhD";"Management";5;145632;6439
"448";"Marketing Associate";"Female";36;3;"Masters";"Sales";3;77223;5272
"449";"Manager";"Male";63;5;"Masters";"Operations";1;130093;6416
"450";"Marketing Associate";"Male";33;3;"PhD";"Administration";2;53220;5153
"451";"Warehouse Associate";"Female";41;3;"College";"Engineering";3;92080;6897
"452";"Graphic Designer";"Female";55;3;"College";"Sales";5;118762;6545
"453";"Sales Associate";"Female";21;2;"College";"Operations";5;85398;7113
"454";"Data Scientist";"Male";31;3;"College";"Operations";1;75227;6027
"455";"Data Scientist";"Male";41;3;"Masters";"Administration";4;104314;6611
"456";"Manager";"Male";27;3;"High School";"Operations";1;83262;6884
"457";"Data Scientist";"Female";55;3;"Masters";"Administration";4;123172;5797
"458";"Data Scientist";"Male";41;4;"PhD";"Administration";1;67040;7412
"459";"Warehouse Associate";"Male";33;3;"College";"Administration";1;77655;6581
"460";"Data Scientist";"Female";46;3;"College";"Administration";3;107476;6182
"461";"Software Engineer";"Male";45;4;"Masters";"Operations";2;89811;6471
"462";"Graphic Designer";"Male";47;3;"College";"Administration";5;106893;7958
"463";"Software Engineer";"Male";58;4;"Masters";"Engineering";5;154039;7304
"464";"Warehouse Associate";"Male";64;4;"High School";"Operations";3;116774;6160
"465";"Software Engineer";"Male";40;2;"High School";"Management";2;98281;5646
"466";"Marketing Associate";"Female";18;3;"High School";"Engineering";2;34208;6620
"467";"Software Engineer";"Male";42;3;"Masters";"Engineering";5;121821;6499
"468";"Software Engineer";"Male";30;2;"Masters";"Engineering";5;113122;6060
"469";"Software Engineer";"Male";39;4;"PhD";"Management";1;92154;7642
"470";"Manager";"Male";31;3;"PhD";"Engineering";2;110643;7291
"471";"Data Scientist";"Female";34;3;"PhD";"Administration";1;82345;7211
"472";"Data Scientist";"Male";32;3;"PhD";"Sales";4;103908;8109
"473";"Marketing Associate";"Female";24;3;"High School";"Engineering";3;49303;6615
"474";"IT";"Female";46;4;"High School";"Operations";3;98456;7177
"475";"Warehouse Associate";"Male";49;3;"PhD";"Operations";4;94927;6274
"476";"Software Engineer";"Male";30;2;"College";"Administration";5;76654;6696
"477";"Manager";"Male";46;4;"Masters";"Sales";1;107859;6989
"478";"Manager";"Female";53;4;"High School";"Operations";3;129885;7314
"479";"Graphic Designer";"Male";62;5;"Masters";"Sales";1;85702;6556
"480";"Financial Analyst";"Female";63;4;"Masters";"Operations";1;97797;5239
"481";"Manager";"Male";18;1;"Masters";"Management";5;115567;4775
"482";"Sales Associate";"Female";30;3;"High School";"Administration";4;91566;6996
"483";"Sales Associate";"Female";61;3;"PhD";"Management";4;131608;6537
"484";"Sales Associate";"Male";58;4;"PhD";"Administration";3;118888;7438
"485";"Graphic Designer";"Male";55;4;"College";"Sales";2;75833;6942
"486";"Financial Analyst";"Female";36;3;"College";"Engineering";2;65750;6177
"487";"Graphic Designer";"Male";65;4;"College";"Management";4;123371;6931
"488";"Marketing Associate";"Female";49;4;"Masters";"Sales";3;76806;6662
"489";"Warehouse Associate";"Male";38;3;"College";"Management";3;83774;7127
"490";"Warehouse Associate";"Female";22;1;"PhD";"Operations";5;114733;6290
"491";"Financial Analyst";"Male";22;3;"PhD";"Administration";2;69320;6765
"492";"Sales Associate";"Male";51;3;"PhD";"Operations";4;110746;5947
"493";"Graphic Designer";"Male";61;4;"Masters";"Engineering";2;105632;6394
"494";"Manager";"Male";62;4;"PhD";"Engineering";1;117648;4765
"495";"Driver";"Female";21;1;"PhD";"Management";4;89170;6722
"496";"Sales Associate";"Male";28;3;"College";"Management";3;85986;8160
"497";"Financial Analyst";"Male";32;4;"Masters";"Sales";3;78132;8035
"498";"Manager";"Male";57;4;"Masters";"Operations";3;135073;6898
"499";"Driver";"Female";52;4;"High School";"Operations";1;78751;6258
"500";"Software Engineer";"Male";64;5;"High School";"Sales";2;118231;7440
"501";"Data Scientist";"Male";58;5;"High School";"Operations";1;86651;7250
"502";"IT";"Female";36;3;"PhD";"Management";3;75518;6711
"503";"Data Scientist";"Male";44;3;"Masters";"Management";3;114693;6832
"504";"Financial Analyst";"Male";39;3;"Masters";"Engineering";4;116875;5479
"505";"IT";"Male";23;4;"PhD";"Administration";1;64468;8113
"506";"Marketing Associate";"Male";40;2;"PhD";"Sales";5;116834;5516
"507";"Marketing Associate";"Female";18;2;"Masters";"Management";5;75294;6496
"508";"Graphic Designer";"Female";63;3;"College";"Management";5;127608;6558
"509";"Financial Analyst";"Female";43;3;"College";"Sales";5;116069;6432
"510";"Driver";"Female";50;3;"High School";"Engineering";2;86122;6295
"511";"Warehouse Associate";"Male";23;2;"College";"Management";4;81988;7160
"512";"Warehouse Associate";"Female";22;2;"Masters";"Sales";2;68300;5953
"513";"Manager";"Male";60;4;"College";"Sales";2;148178;6777
"514";"Financial Analyst";"Female";50;3;"PhD";"Operations";2;94590;5327
"515";"Sales Associate";"Female";33;2;"College";"Engineering";4;87418;6430
"516";"Warehouse Associate";"Male";25;3;"College";"Administration";1;68384;7443
"517";"Manager";"Male";48;3;"PhD";"Operations";1;106056;4161
"518";"Software Engineer";"Male";35;2;"Masters";"Management";3;110886;6228
"519";"Graphic Designer";"Female";37;2;"Masters";"Management";3;104082;5477
"520";"IT";"Female";43;3;"Masters";"Management";4;94354;7052
"521";"Warehouse Associate";"Male";53;3;"PhD";"Engineering";5;128669;6866
"522";"Financial Analyst";"Male";40;3;"PhD";"Sales";3;88725;6243
"523";"Manager";"Male";56;3;"Masters";"Engineering";4;149771;5495
"524";"Financial Analyst";"Male";45;4;"Masters";"Management";2;98535;8001
"525";"Data Scientist";"Female";57;4;"PhD";"Sales";1;90713;6552
"526";"IT";"Male";33;3;"College";"Management";3;88749;7433
"527";"Graphic Designer";"Male";49;3;"Masters";"Operations";5;126100;6336
"528";"Manager";"Male";23;3;"College";"Sales";3;110594;6753
"529";"Manager";"Male";60;4;"College";"Management";3;157644;7213
"530";"Manager";"Female";41;3;"PhD";"Management";1;113009;6812
"531";"Financial Analyst";"Male";20;2;"PhD";"Engineering";4;105601;5943
"532";"Financial Analyst";"Male";56;4;"High School";"Engineering";3;100769;6453
"533";"Warehouse Associate";"Male";38;3;"High School";"Administration";2;82244;6020
"534";"Marketing Associate";"Female";55;4;"High School";"Administration";2;72030;5569
"535";"Driver";"Female";20;1;"College";"Management";3;66203;5627
"536";"Driver";"Female";34;2;"High School";"Management";3;67210;5662
"537";"Manager";"Female";32;2;"PhD";"Management";2;115383;5878
"538";"Graphic Designer";"Female";49;3;"PhD";"Engineering";4;120697;7205
"539";"Graphic Designer";"Male";29;3;"PhD";"Operations";2;70311;6235
"540";"Data Scientist";"Female";49;3;"College";"Engineering";4;125770;7301
"541";"Warehouse Associate";"Male";33;1;"College";"Engineering";5;100465;5520
"542";"Software Engineer";"Male";30;2;"College";"Administration";4;83264;6251
"543";"Warehouse Associate";"Male";61;3;"PhD";"Engineering";4;126375;6630
"544";"Driver";"Male";25;3;"College";"Engineering";1;43076;5829
"545";"Data Scientist";"Female";37;2;"College";"Sales";5;97846;7198
"546";"Sales Associate";"Female";24;2;"Masters";"Management";3;76522;6900
"547";"Driver";"Male";42;3;"PhD";"Operations";4;111726;5989
"548";"Sales Associate";"Male";55;4;"College";"Administration";3;112188;6689
"549";"Data Scientist";"Male";35;2;"College";"Operations";5;98959;6572
"550";"Sales Associate";"Female";35;2;"College";"Management";4;87131;6356
"551";"IT";"Male";40;3;"College";"Administration";3;77881;5569
"552";"IT";"Male";36;3;"Masters";"Engineering";2;65225;6462
"553";"Driver";"Male";30;4;"Masters";"Operations";1;78472;8439
"554";"Financial Analyst";"Male";58;4;"College";"Operations";4;126269;6490
"555";"Warehouse Associate";"Male";61;3;"High School";"Management";3;106233;5792
"556";"IT";"Female";37;3;"High School";"Sales";2;56656;5914
"557";"IT";"Female";42;3;"High School";"Engineering";2;70157;6016
"558";"Data Scientist";"Female";41;2;"PhD";"Engineering";2;98366;6398
"559";"Manager";"Male";59;4;"College";"Engineering";2;127013;6124
"560";"Software Engineer";"Male";53;3;"High School";"Management";3;106146;6618
"561";"Manager";"Male";22;2;"Masters";"Operations";4;90736;6219
"562";"Graphic Designer";"Male";44;3;"PhD";"Sales";1;66611;5924
"563";"Manager";"Male";57;3;"PhD";"Operations";5;150914;5982
"564";"Graphic Designer";"Male";30;2;"Masters";"Management";4;70559;6497
"565";"Data Scientist";"Female";33;3;"College";"Sales";1;73798;6224
"566";"Graphic Designer";"Male";22;2;"High School";"Sales";3;69734;5383
"567";"Marketing Associate";"Female";52;3;"High School";"Sales";3;94763;5668
"568";"Financial Analyst";"Female";23;2;"College";"Administration";5;101534;6861
"569";"Graphic Designer";"Male";23;1;"PhD";"Management";5;91504;5136
"570";"Sales Associate";"Female";19;1;"College";"Management";4;90426;5020
"571";"Manager";"Male";20;2;"Masters";"Operations";3;100183;6363
"572";"IT";"Female";62;4;"College";"Operations";2;99369;6746
"573";"Graphic Designer";"Female";40;3;"College";"Operations";1;55845;6616
"574";"Financial Analyst";"Female";26;3;"College";"Administration";2;48570;6604
"575";"Data Scientist";"Male";56;3;"Masters";"Engineering";3;98165;5470
"576";"Data Scientist";"Female";57;3;"Masters";"Operations";3;113274;6186
"577";"Software Engineer";"Male";23;2;"Masters";"Engineering";3;95754;6596
"578";"Data Scientist";"Male";27;2;"College";"Engineering";1;57915;4584
"579";"Manager";"Male";53;4;"College";"Sales";2;121506;6122
"580";"Manager";"Male";37;3;"Masters";"Management";1;121151;5934
"581";"Marketing Associate";"Female";46;3;"College";"Management";3;86241;5814
"582";"Data Scientist";"Male";40;2;"Masters";"Management";2;87682;4152
"583";"Software Engineer";"Male";42;2;"College";"Administration";3;114029;6842
"584";"IT";"Male";43;3;"College";"Management";1;67323;4680
"585";"Data Scientist";"Male";28;3;"High School";"Management";2;68049;6660
"586";"IT";"Male";39;3;"High School";"Engineering";4;93335;5243
"587";"Driver";"Female";55;3;"PhD";"Operations";2;100433;5090
"588";"Marketing Associate";"Female";62;3;"PhD";"Operations";5;123242;5453
"589";"Sales Associate";"Female";32;2;"PhD";"Administration";2;87585;6476
"590";"IT";"Female";18;2;"Masters";"Sales";1;45747;4890
"591";"Marketing Associate";"Female";41;3;"High School";"Administration";2;36972;7058
"592";"Sales Associate";"Female";29;3;"High School";"Management";3;64754;7377
"593";"IT";"Female";44;2;"PhD";"Operations";5;132267;5679
"594";"Driver";"Male";53;3;"PhD";"Administration";3;111043;5838
"595";"Warehouse Associate";"Male";25;2;"Masters";"Engineering";1;58130;6327
"596";"IT";"Male";27;3;"PhD";"Operations";3;90542;7554
"597";"Manager";"Male";40;2;"College";"Administration";2;124891;5436
"598";"Marketing Associate";"Female";54;3;"PhD";"Engineering";5;112507;7460
"599";"Marketing Associate";"Female";64;4;"College";"Sales";5;100316;6010
"600";"Software Engineer";"Male";63;3;"PhD";"Engineering";2;134757;5944
"601";"Manager";"Male";42;3;"College";"Sales";4;125339;6019
"602";"IT";"Female";62;4;"College";"Management";3;111120;6536
"603";"Data Scientist";"Female";36;3;"High School";"Operations";3;76523;7122
"604";"Driver";"Female";50;3;"College";"Operations";2;91160;5863
"605";"Manager";"Male";28;3;"College";"Sales";2;105795;6179
"606";"Financial Analyst";"Female";18;2;"High School";"Operations";2;66935;6508
"607";"Sales Associate";"Male";19;1;"PhD";"Management";3;75238;5308
"608";"Data Scientist";"Female";55;2;"Masters";"Sales";5;138365;5359
"609";"Software Engineer";"Male";42;2;"College";"Management";1;103978;5146
"610";"IT";"Male";65;4;"Masters";"Sales";5;165229;6506
"611";"Warehouse Associate";"Male";54;2;"Masters";"Engineering";4;118322;5224
"612";"Graphic Designer";"Male";39;2;"Masters";"Operations";5;106883;5831
"613";"Marketing Associate";"Female";45;2;"High School";"Management";2;59006;5876
"614";"Manager";"Male";30;1;"PhD";"Engineering";4;125164;5888
"615";"Software Engineer";"Male";53;4;"High School";"Operations";1;89225;5751
"616";"Driver";"Male";63;4;"High School";"Sales";2;101716;5881
"617";"Marketing Associate";"Female";45;3;"Masters";"Sales";3;74305;7126
"618";"Marketing Associate";"Female";30;3;"Masters";"Administration";1;38451;5562
"619";"Graphic Designer";"Female";48;1;"High School";"Operations";5;113465;3846
"620";"Sales Associate";"Female";27;2;"College";"Operations";2;66377;5803
"621";"Financial Analyst";"Male";31;3;"PhD";"Engineering";1;79142;5445
"622";"Graphic Designer";"Female";20;1;"Masters";"Operations";4;55569;5236
"623";"Graphic Designer";"Male";60;4;"Masters";"Engineering";1;97240;5412
"624";"Manager";"Female";25;1;"Masters";"Management";5;119033;6381
"625";"Marketing Associate";"Female";65;3;"Masters";"Administration";5;106315;5618
"626";"Driver";"Male";24;2;"College";"Engineering";3;81301;5713
"627";"Software Engineer";"Male";23;1;"PhD";"Management";2;79462;4673
"628";"IT";"Female";28;1;"PhD";"Sales";5;105598;5380
"629";"Data Scientist";"Male";30;2;"College";"Operations";3;72497;6452
"630";"Financial Analyst";"Female";23;1;"High School";"Management";4;78084;5598
"631";"Graphic Designer";"Male";50;3;"Masters";"Management";1;84803;5406
"632";"Graphic Designer";"Female";18;2;"College";"Administration";1;41603;6092
"633";"Driver";"Female";47;2;"Masters";"Operations";2;78002;5175
"634";"Warehouse Associate";"Male";56;3;"Masters";"Administration";2;79274;4618
"635";"IT";"Male";20;2;"PhD";"Management";1;49622;5452
"636";"Sales Associate";"Male";62;3;"College";"Management";3;129620;5608
"637";"Software Engineer";"Male";36;2;"High School";"Administration";4;87848;5166
"638";"Driver";"Male";24;2;"College";"Management";3;51906;6274
"639";"Sales Associate";"Female";44;2;"High School";"Engineering";3;81866;5183
"640";"Financial Analyst";"Male";24;2;"PhD";"Engineering";3;71590;5845
"641";"Warehouse Associate";"Male";19;2;"High School";"Sales";2;63928;4998
"642";"Driver";"Male";44;4;"High School";"Administration";4;83333;7113
"643";"Marketing Associate";"Male";49;3;"High School";"Administration";4;92797;5405
"644";"Financial Analyst";"Male";36;3;"PhD";"Operations";1;93067;5103
"645";"Graphic Designer";"Male";22;2;"High School";"Sales";3;72422;5697
"646";"Driver";"Male";59;3;"College";"Operations";3;120159;4265
"647";"Data Scientist";"Female";39;3;"Masters";"Operations";3;91711;6775
"648";"Marketing Associate";"Female";50;3;"Masters";"Sales";5;93805;6044
"649";"Marketing Associate";"Female";58;3;"Masters";"Operations";5;109931;5878
"650";"Marketing Associate";"Female";42;2;"College";"Administration";5;88365;4668
"651";"Financial Analyst";"Male";58;4;"Masters";"Operations";3;104744;6425
"652";"Warehouse Associate";"Female";44;3;"High School";"Administration";1;79334;6505
"653";"Driver";"Male";41;2;"Masters";"Administration";4;95795;4898
"654";"Financial Analyst";"Female";58;3;"PhD";"Engineering";1;98512;4548
"655";"Data Scientist";"Female";33;2;"High School";"Operations";4;78910;5927
"656";"Manager";"Male";22;1;"College";"Management";2;103156;6277
"657";"Driver";"Male";35;2;"High School";"Administration";5;92760;4826
"658";"Warehouse Associate";"Female";42;1;"PhD";"Operations";5;125574;5688
"659";"Data Scientist";"Male";62;4;"College";"Operations";3;93742;6580
"660";"Sales Associate";"Male";50;2;"Masters";"Engineering";5;124470;5454
"661";"Software Engineer";"Male";51;2;"Masters";"Engineering";3;132323;4872
"662";"Sales Associate";"Male";22;1;"High School";"Sales";4;70595;5234
"663";"Software Engineer";"Male";32;2;"College";"Operations";1;71278;4701
"664";"Data Scientist";"Male";33;2;"High School";"Engineering";2;53855;4980
"665";"IT";"Male";35;1;"College";"Management";4;98423;3879
"666";"Software Engineer";"Male";47;2;"Masters";"Operations";4;126239;5396
"667";"Sales Associate";"Male";53;2;"Masters";"Management";5;101133;4700
"668";"Warehouse Associate";"Male";23;1;"High School";"Administration";4;92516;5866
"669";"Data Scientist";"Male";49;3;"College";"Administration";3;93320;7236
"670";"Warehouse Associate";"Female";45;1;"High School";"Administration";5;106963;5084
"671";"IT";"Female";26;1;"PhD";"Sales";5;111770;5345
"672";"IT";"Male";33;2;"Masters";"Engineering";5;106584;5426
"673";"Marketing Associate";"Female";26;2;"High School";"Operations";3;57672;6476
"674";"Warehouse Associate";"Male";50;3;"Masters";"Administration";1;90612;5913
"675";"Graphic Designer";"Female";35;2;"High School";"Engineering";5;97768;7233
"676";"Financial Analyst";"Male";31;2;"PhD";"Administration";3;82790;5826
"677";"Graphic Designer";"Female";50;3;"Masters";"Administration";1;76103;5173
"678";"Financial Analyst";"Male";38;3;"Masters";"Administration";1;84628;5680
"679";"Warehouse Associate";"Female";59;2;"College";"Management";2;93441;5499
"680";"Marketing Associate";"Male";42;2;"Masters";"Management";5;110636;5239
"681";"Data Scientist";"Female";55;3;"PhD";"Administration";1;108366;5108
"682";"Manager";"Male";38;2;"Masters";"Management";3;135106;5066
"683";"Warehouse Associate";"Female";55;2;"PhD";"Administration";3;85453;5135
"684";"Graphic Designer";"Male";54;3;"High School";"Management";3;100160;5562
"685";"Data Scientist";"Female";48;2;"College";"Administration";3;79765;5329
"686";"Manager";"Male";48;2;"PhD";"Engineering";4;157169;5798
"687";"Financial Analyst";"Female";63;3;"PhD";"Engineering";3;129683;5754
"688";"Financial Analyst";"Female";20;1;"College";"Management";2;76908;4756
"689";"Financial Analyst";"Female";53;3;"High School";"Management";1;93696;5029
"690";"Driver";"Male";40;3;"High School";"Sales";2;88230;5512
"691";"Sales Associate";"Female";46;2;"Masters";"Management";2;83095;5284
"692";"IT";"Female";26;2;"College";"Sales";3;81325;5647
"693";"Warehouse Associate";"Female";62;2;"PhD";"Engineering";2;102106;5195
"694";"Graphic Designer";"Female";43;1;"PhD";"Engineering";1;80635;4322
"695";"Marketing Associate";"Female";32;2;"College";"Sales";3;73404;5038
"696";"Data Scientist";"Male";44;3;"High School";"Sales";1;83674;4854
"697";"IT";"Male";62;3;"Masters";"Engineering";4;118314;4892
"698";"Graphic Designer";"Female";57;2;"Masters";"Sales";5;133741;4925
"699";"Software Engineer";"Male";50;3;"PhD";"Sales";1;119522;4650
"700";"Sales Associate";"Male";40;2;"High School";"Administration";3;84592;4635
"701";"Sales Associate";"Male";64;3;"PhD";"Sales";2;121589;5133
"702";"Manager";"Female";28;1;"High School";"Engineering";4;104329;4962
"703";"Warehouse Associate";"Male";24;1;"College";"Engineering";3;71371;5220
"704";"Data Scientist";"Male";59;4;"Masters";"Sales";1;96582;6350
"705";"Data Scientist";"Male";62;3;"PhD";"Sales";3;108778;4357
"706";"Driver";"Male";63;3;"PhD";"Management";4;128520;6151
"707";"Sales Associate";"Female";34;1;"High School";"Management";5;102745;6303
"708";"Manager";"Female";62;4;"Masters";"Administration";3;146008;6235
"709";"Marketing Associate";"Female";44;2;"PhD";"Management";2;68364;4076
"710";"Driver";"Male";31;2;"High School";"Administration";4;62753;5735
"711";"Data Scientist";"Female";27;1;"High School";"Administration";5;96584;5293
"712";"Software Engineer";"Male";32;1;"College";"Engineering";5;128680;4677
"713";"Manager";"Male";55;2;"College";"Management";5;152710;6107
"714";"Software Engineer";"Male";36;1;"High School";"Operations";5;109136;4572
"715";"Data Scientist";"Female";53;2;"PhD";"Operations";2;102265;4760
"716";"Marketing Associate";"Female";33;1;"High School";"Management";5;81249;4845
"717";"IT";"Female";56;3;"Masters";"Management";2;101791;6083
"718";"Marketing Associate";"Female";62;4;"College";"Sales";1;77584;4524
"719";"Driver";"Female";36;1;"Masters";"Administration";3;88175;5004
"720";"Data Scientist";"Female";21;1;"PhD";"Engineering";2;65816;6817
"721";"IT";"Male";33;2;"Masters";"Sales";1;84878;5009
"722";"Marketing Associate";"Female";28;1;"Masters";"Engineering";5;73685;4439
"723";"IT";"Female";27;1;"Masters";"Administration";2;55560;4449
"724";"Software Engineer";"Male";36;2;"Masters";"Administration";2;94745;5930
"725";"Data Scientist";"Female";43;2;"PhD";"Sales";3;106452;5346
"726";"Sales Associate";"Male";46;2;"College";"Management";2;95505;4549
"727";"Software Engineer";"Male";25;1;"High School";"Engineering";4;103181;4566
"728";"Software Engineer";"Male";40;2;"Masters";"Sales";1;120096;4690
"729";"Warehouse Associate";"Female";47;2;"College";"Administration";2;87575;4422
"730";"Sales Associate";"Male";51;3;"High School";"Management";2;98499;6274
"731";"Driver";"Female";60;2;"PhD";"Sales";3;113140;4079
"732";"Manager";"Male";56;2;"PhD";"Administration";4;152081;4621
"733";"Data Scientist";"Female";40;1;"Masters";"Management";5;100505;4626
"734";"IT";"Female";60;3;"Masters";"Management";2;104589;4536
"735";"Manager";"Male";36;2;"Masters";"Sales";3;134450;5214
"736";"IT";"Female";48;3;"High School";"Management";1;61081;6337
"737";"Manager";"Male";37;2;"PhD";"Operations";1;100819;5390
"738";"Software Engineer";"Male";64;2;"PhD";"Sales";5;157277;4844
"739";"Marketing Associate";"Female";51;2;"High School";"Management";2;79237;4453
"740";"Driver";"Male";20;2;"High School";"Sales";2;68175;5698
"741";"Driver";"Female";61;2;"College";"Management";4;108475;4489
"742";"Software Engineer";"Male";65;3;"High School";"Sales";2;122624;4165
"743";"Graphic Designer";"Female";34;1;"College";"Management";4;99942;5352
"744";"Data Scientist";"Female";58;2;"PhD";"Engineering";2;108296;4708
"745";"Graphic Designer";"Male";45;2;"Masters";"Management";2;101273;3817
"746";"Sales Associate";"Male";18;1;"Masters";"Administration";3;59334;5729
"747";"Manager";"Male";43;1;"PhD";"Management";4;152625;4702
"748";"IT";"Female";62;3;"College";"Sales";4;126370;6032
"749";"Financial Analyst";"Female";45;2;"Masters";"Administration";5;122142;5435
"750";"Driver";"Female";19;1;"High School";"Operations";4;75919;5613
"751";"Data Scientist";"Male";26;1;"Masters";"Operations";3;90526;4191
"752";"IT";"Female";47;2;"PhD";"Administration";3;103416;5536
"753";"Manager";"Male";59;3;"College";"Engineering";3;133910;5795
"754";"Driver";"Female";63;3;"High School";"Sales";1;104468;4466
"755";"Sales Associate";"Female";57;2;"High School";"Management";4;117202;5068
"756";"Data Scientist";"Female";51;1;"PhD";"Sales";5;139141;4969
"757";"Warehouse Associate";"Female";58;1;"Masters";"Management";4;134109;4184
"758";"Sales Associate";"Female";24;1;"High School";"Administration";2;66887;5014
"759";"Data Scientist";"Male";41;1;"College";"Operations";5;77839;4458
"760";"Driver";"Male";21;1;"High School";"Sales";2;61018;5513
"761";"IT";"Female";58;2;"High School";"Sales";4;124847;3100
"762";"Financial Analyst";"Female";33;2;"PhD";"Administration";1;50758;5386
"763";"Graphic Designer";"Female";34;1;"PhD";"Operations";3;75316;5861
"764";"Driver";"Male";54;3;"PhD";"Sales";2;118093;4115
"765";"Software Engineer";"Male";31;1;"College";"Operations";4;106503;5225
"766";"Graphic Designer";"Female";55;2;"College";"Administration";3;111502;4413
"767";"Sales Associate";"Female";47;1;"PhD";"Engineering";4;116642;4621
"768";"Financial Analyst";"Male";55;3;"College";"Operations";1;84683;4476
"769";"IT";"Female";45;2;"PhD";"Sales";4;113283;5404
"770";"Marketing Associate";"Female";48;2;"High School";"Administration";4;86538;4212
"771";"Marketing Associate";"Female";62;3;"Masters";"Engineering";2;77742;5430
"772";"Software Engineer";"Male";22;1;"College";"Sales";1;67913;4045
"773";"Financial Analyst";"Female";54;2;"College";"Sales";2;114171;3768
"774";"Manager";"Male";47;1;"Masters";"Engineering";4;155826;4964
"775";"Graphic Designer";"Female";63;2;"College";"Operations";4;106204;4534
"776";"Graphic Designer";"Female";38;1;"High School";"Administration";4;111041;3727
"777";"Software Engineer";"Male";62;2;"PhD";"Engineering";3;138184;4664
"778";"Financial Analyst";"Female";63;3;"College";"Sales";2;95795;5723
"779";"Sales Associate";"Male";60;3;"High School";"Administration";3;106798;5201
"780";"Marketing Associate";"Female";65;3;"High School";"Engineering";3;98575;5410
"781";"Warehouse Associate";"Male";37;2;"Masters";"Administration";1;82343;5232
"782";"Software Engineer";"Female";57;1;"College";"Engineering";3;117131;2324
"783";"Sales Associate";"Male";26;2;"High School";"Sales";2;78625;4073
"784";"Financial Analyst";"Male";27;2;"PhD";"Administration";4;99134;6255
"785";"Marketing Associate";"Female";20;2;"College";"Administration";2;38613;6079
"786";"Marketing Associate";"Female";26;2;"College";"Operations";1;62866;5114
"787";"Graphic Designer";"Male";44;1;"Masters";"Engineering";5;107818;5281
"788";"Graphic Designer";"Female";47;1;"High School";"Operations";5;108731;4793
"789";"Manager";"Male";21;1;"College";"Management";2;114621;3927
"790";"Marketing Associate";"Female";23;1;"High School";"Sales";2;47739;4829
"791";"Data Scientist";"Male";45;1;"Masters";"Operations";3;104290;3474
"792";"Financial Analyst";"Male";65;4;"Masters";"Sales";1;111403;5078
"793";"IT";"Male";52;2;"College";"Administration";5;93802;5404
"794";"Manager";"Male";30;1;"High School";"Sales";5;138163;3415
"795";"Financial Analyst";"Male";50;2;"Masters";"Operations";3;115613;3881
"796";"Sales Associate";"Female";18;1;"Masters";"Engineering";1;64920;4967
"797";"Software Engineer";"Female";36;1;"PhD";"Management";1;79177;3661
"798";"Warehouse Associate";"Male";25;1;"College";"Operations";1;64994;4310
"799";"Driver";"Male";53;3;"PhD";"Sales";2;100941;5992
"800";"Manager";"Male";55;1;"High School";"Management";5;163208;4095
"801";"Sales Associate";"Male";24;1;"PhD";"Operations";2;51837;4472
"802";"Graphic Designer";"Male";56;2;"Masters";"Management";4;114048;5097
"803";"Manager";"Female";59;2;"High School";"Management";2;136215;3603
"804";"Marketing Associate";"Female";55;3;"High School";"Administration";1;63327;4066
"805";"Software Engineer";"Male";64;2;"PhD";"Engineering";4;139068;4126
"806";"Sales Associate";"Male";63;2;"Masters";"Engineering";3;136209;3910
"807";"Software Engineer";"Male";55;2;"PhD";"Management";3;121910;4494
"808";"Graphic Designer";"Male";43;2;"PhD";"Management";2;82057;5268
"809";"Sales Associate";"Male";51;2;"High School";"Engineering";1;96023;4148
"810";"Marketing Associate";"Female";31;1;"High School";"Sales";3;52578;5538
"811";"Driver";"Female";61;2;"College";"Administration";4;114436;4249
"812";"Marketing Associate";"Female";56;2;"Masters";"Sales";4;99543;4442
"813";"Sales Associate";"Female";41;2;"College";"Sales";1;60983;5022
"814";"Software Engineer";"Male";49;3;"Masters";"Administration";1;82277;5460
"815";"Marketing Associate";"Female";23;1;"College";"Sales";2;55885;3795
"816";"Graphic Designer";"Male";29;1;"Masters";"Operations";3;73142;4712
"817";"Graphic Designer";"Male";53;2;"High School";"Operations";4;107065;3652
"818";"Driver";"Female";61;2;"PhD";"Engineering";2;107064;4202
"819";"Marketing Associate";"Female";56;2;"High School";"Operations";5;107370;4916
"820";"Marketing Associate";"Female";25;1;"High School";"Sales";1;39741;4981
"821";"Sales Associate";"Male";64;2;"High School";"Management";3;120579;4687
"822";"Driver";"Female";55;2;"High School";"Engineering";3;103242;4495
"823";"Driver";"Female";42;1;"Masters";"Sales";5;120112;5070
"824";"Sales Associate";"Female";61;2;"High School";"Sales";2;83308;3653
"825";"Marketing Associate";"Female";26;1;"High School";"Management";1;36585;4373
"826";"Graphic Designer";"Female";59;2;"College";"Engineering";4;115344;4827
"827";"Sales Associate";"Male";36;2;"High School";"Management";1;49553;5784
"828";"IT";"Female";54;2;"Masters";"Administration";3;96982;4750
"829";"Financial Analyst";"Female";24;1;"High School";"Management";4;80030;5481
"830";"Driver";"Male";58;2;"College";"Sales";4;110157;4275
"831";"Financial Analyst";"Female";32;1;"High School";"Administration";4;84047;4683
"832";"Marketing Associate";"Male";47;2;"PhD";"Sales";3;93054;4243
"833";"Data Scientist";"Female";53;2;"Masters";"Engineering";2;84764;4409
"834";"Warehouse Associate";"Female";61;1;"Masters";"Management";3;120277;4617
"835";"Marketing Associate";"Female";56;2;"High School";"Sales";3;81661;4965
"836";"Manager";"Female";45;1;"High School";"Engineering";5;149893;5120
"837";"Software Engineer";"Male";45;2;"High School";"Management";1;81515;5001
"838";"Driver";"Male";55;2;"Masters";"Operations";3;95898;4309
"839";"Warehouse Associate";"Male";42;2;"PhD";"Operations";3;90000;4774
"840";"Manager";"Male";60;3;"High School";"Management";2;111896;5597
"841";"Driver";"Male";53;1;"Masters";"Engineering";5;130082;4734
"842";"Sales Associate";"Female";60;2;"PhD";"Engineering";5;130417;4694
"843";"Marketing Associate";"Female";34;1;"College";"Engineering";2;38855;4503
"844";"Software Engineer";"Male";25;1;"High School";"Administration";4;81057;5259
"845";"Data Scientist";"Male";41;1;"High School";"Management";5;117215;4322
"846";"Graphic Designer";"Female";49;1;"High School";"Administration";4;96232;3697
"847";"Financial Analyst";"Male";64;1;"PhD";"Operations";5;141186;3415
"848";"Manager";"Male";52;2;"High School";"Operations";2;114943;3438
"849";"Data Scientist";"Male";43;1;"PhD";"Administration";4;107640;3896
"850";"Manager";"Male";31;2;"College";"Operations";1;80259;4791
"851";"Marketing Associate";"Female";48;1;"College";"Operations";5;86563;4415
"852";"Data Scientist";"Male";20;1;"High School";"Operations";2;61589;3990
"853";"Warehouse Associate";"Male";35;1;"High School";"Administration";2;74829;4263
"854";"Graphic Designer";"Female";44;1;"Masters";"Administration";2;72248;3634
"855";"Sales Associate";"Male";49;2;"High School";"Operations";3;91342;4516
"856";"Sales Associate";"Male";49;2;"Masters";"Operations";2;101140;4851
"857";"Marketing Associate";"Male";51;2;"PhD";"Sales";1;62600;4300
"858";"Software Engineer";"Male";21;1;"High School";"Engineering";2;65313;4685
"859";"Manager";"Male";41;1;"College";"Administration";5;123153;4111
"860";"IT";"Male";27;1;"High School";"Management";3;57500;3665
"861";"Manager";"Male";37;1;"PhD";"Administration";3;115604;4098
"862";"Software Engineer";"Male";18;1;"High School";"Sales";1;55555;4390
"863";"Data Scientist";"Male";58;1;"PhD";"Engineering";5;124166;3875
"864";"IT";"Male";50;2;"Masters";"Management";3;101050;3879
"865";"Data Scientist";"Female";56;1;"College";"Engineering";5;125828;3961
"866";"Graphic Designer";"Female";45;1;"High School";"Management";3;75017;5576
"867";"Marketing Associate";"Female";40;1;"Masters";"Engineering";4;100415;3871
"868";"Manager";"Female";57;1;"Masters";"Operations";3;145095;3889
"869";"Data Scientist";"Female";63;2;"High School";"Administration";5;115641;4339
"870";"Software Engineer";"Male";59;1;"College";"Sales";5;160460;2930
"871";"Financial Analyst";"Male";45;2;"High School";"Administration";2;85947;3909
"872";"Financial Analyst";"Female";48;1;"College";"Engineering";5;119058;4037
"873";"Warehouse Associate";"Female";56;1;"College";"Administration";4;106722;4044
"874";"Financial Analyst";"Female";41;2;"PhD";"Operations";3;91129;4825
"875";"Graphic Designer";"Male";59;1;"PhD";"Sales";4;135512;3955
"876";"Financial Analyst";"Female";49;2;"College";"Operations";1;92891;3578
"877";"Financial Analyst";"Male";64;3;"High School";"Administration";3;124151;3392
"878";"Data Scientist";"Female";58;1;"High School";"Sales";5;141005;3384
"879";"Manager";"Male";36;1;"High School";"Operations";2;115742;3661
"880";"IT";"Male";31;1;"Masters";"Sales";2;93358;3223
"881";"IT";"Female";44;1;"High School";"Sales";5;131411;3084
"882";"Sales Associate";"Female";61;2;"College";"Sales";1;96900;4157
"883";"IT";"Male";59;3;"Masters";"Sales";2;98995;4596
"884";"IT";"Male";57;3;"High School";"Sales";3;109645;5472
"885";"Financial Analyst";"Male";39;2;"College";"Sales";1;61609;3738
"886";"Marketing Associate";"Female";56;2;"High School";"Engineering";3;88820;4289
"887";"Data Scientist";"Male";61;1;"Masters";"Administration";5;122352;3590
"888";"Marketing Associate";"Female";53;1;"Masters";"Management";4;112489;4237
"889";"Software Engineer";"Male";29;1;"High School";"Sales";1;86650;3518
"890";"Data Scientist";"Male";62;3;"High School";"Operations";2;101284;4993
"891";"Manager";"Male";41;1;"Masters";"Sales";2;119794;3712
"892";"Graphic Designer";"Male";58;2;"Masters";"Operations";1;96609;3044
"893";"Marketing Associate";"Female";38;1;"PhD";"Engineering";1;53839;3270
"894";"Financial Analyst";"Male";29;1;"Masters";"Operations";2;84725;3274
"895";"IT";"Female";57;2;"High School";"Administration";1;64807;3887
"896";"IT";"Female";28;1;"High School";"Management";1;41151;4296
"897";"Financial Analyst";"Female";48;1;"College";"Administration";4;114031;4510
"898";"Driver";"Male";33;1;"High School";"Management";1;59493;3955
"899";"Manager";"Female";42;1;"High School";"Management";2;119893;3721
"900";"Manager";"Male";60;2;"College";"Sales";1;131980;3841
"901";"Sales Associate";"Female";52;1;"High School";"Sales";3;94154;3964
"902";"Marketing Associate";"Female";60;1;"College";"Management";4;114906;4766
"903";"Driver";"Female";63;1;"Masters";"Management";4;115981;2661
"904";"Data Scientist";"Male";37;1;"PhD";"Administration";2;78836;3588
"905";"Driver";"Male";64;2;"Masters";"Operations";2;112719;3382
"906";"Marketing Associate";"Female";59;1;"Masters";"Sales";3;93018;2730
"907";"Marketing Associate";"Female";55;2;"College";"Sales";2;69928;4811
"908";"Software Engineer";"Female";57;2;"High School";"Engineering";1;104623;3791
"909";"Driver";"Male";55;2;"College";"Administration";2;103328;4543
"910";"Financial Analyst";"Male";47;2;"High School";"Management";1;68643;4674
"911";"Graphic Designer";"Female";33;1;"High School";"Sales";1;63914;3521
"912";"Sales Associate";"Male";45;2;"High School";"Engineering";1;67296;4780
"913";"Graphic Designer";"Female";44;1;"College";"Sales";3;90474;3530
"914";"Driver";"Female";22;1;"High School";"Administration";1;60026;4605
"915";"Marketing Associate";"Female";41;1;"PhD";"Management";5;108587;4275
"916";"Financial Analyst";"Female";61;1;"Masters";"Engineering";4;139042;2982
"917";"Driver";"Male";65;1;"High School";"Operations";5;116803;3431
"918";"Sales Associate";"Female";57;1;"Masters";"Operations";3;101423;3641
"919";"Software Engineer";"Male";36;1;"Masters";"Operations";1;86375;3368
"920";"IT";"Male";31;1;"College";"Operations";1;49449;4149
"921";"Marketing Associate";"Female";56;2;"High School";"Sales";3;95995;4045
"922";"Software Engineer";"Male";51;1;"College";"Management";2;118282;3599
"923";"IT";"Female";47;1;"PhD";"Operations";3;99472;3943
"924";"Manager";"Female";55;1;"High School";"Administration";3;135638;2824
"925";"IT";"Male";50;1;"College";"Operations";3;85648;2728
"926";"Data Scientist";"Female";58;1;"PhD";"Management";4;121457;4723
"927";"Data Scientist";"Female";57;1;"PhD";"Operations";2;114141;3746
"928";"Manager";"Male";58;1;"PhD";"Management";4;179726;4284
"929";"Marketing Associate";"Female";64;1;"College";"Administration";5;107572;3107
"930";"Sales Associate";"Female";65;2;"PhD";"Sales";5;142505;4214
"931";"Financial Analyst";"Male";43;1;"PhD";"Sales";4;108719;4143
"932";"IT";"Male";36;1;"High School";"Sales";4;109832;3528
"933";"Software Engineer";"Male";60;1;"PhD";"Administration";4;127250;4263
"934";"Sales Associate";"Female";50;1;"Masters";"Sales";3;106279;3892
"935";"Software Engineer";"Male";37;1;"High School";"Sales";1;81547;3510
"936";"Data Scientist";"Male";56;1;"Masters";"Administration";2;95798;2530
"937";"Manager";"Female";47;1;"High School";"Management";3;106916;3959
"938";"Manager";"Male";59;2;"PhD";"Administration";1;124782;4618
"939";"Warehouse Associate";"Male";53;1;"College";"Operations";4;126256;3463
"940";"IT";"Female";59;1;"PhD";"Engineering";3;92257;3908
"941";"Software Engineer";"Male";62;1;"High School";"Sales";3;124660;2200
"942";"IT";"Female";32;2;"High School";"Engineering";1;59377;5236
"943";"Marketing Associate";"Female";38;1;"PhD";"Engineering";2;76726;4204
"944";"IT";"Female";54;1;"High School";"Engineering";5;112502;3988
"945";"Data Scientist";"Male";65;2;"Masters";"Sales";2;128730;3247
"946";"Manager";"Male";61;2;"College";"Sales";1;136836;4070
"947";"IT";"Male";51;1;"High School";"Engineering";3;89272;2600
"948";"Financial Analyst";"Female";62;1;"High School";"Operations";3;101515;2251
"949";"Software Engineer";"Male";36;1;"Masters";"Operations";1;93855;4099
"950";"Graphic Designer";"Male";30;1;"College";"Operations";2;36642;4388
"951";"Sales Associate";"Male";60;1;"College";"Operations";3;112604;3366
"952";"Financial Analyst";"Female";49;1;"PhD";"Engineering";1;67089;3078
"953";"Driver";"Female";51;1;"PhD";"Management";2;97789;3536
"954";"Data Scientist";"Male";62;1;"PhD";"Administration";3;123333;3353
"955";"IT";"Male";62;1;"PhD";"Management";2;105771;2978
"956";"Marketing Associate";"Female";46;1;"College";"Administration";1;54945;2991
"957";"Data Scientist";"Female";65;1;"PhD";"Operations";2;121239;3078
"958";"Data Scientist";"Female";64;2;"High School";"Sales";1;87314;3688
"959";"Driver";"Female";65;1;"PhD";"Operations";3;124530;3647
"960";"Driver";"Female";45;1;"College";"Sales";2;67150;3255
"961";"Financial Analyst";"Male";39;1;"College";"Engineering";4;99643;3789
"962";"Sales Associate";"Male";54;1;"College";"Administration";3;92468;3242
"963";"Financial Analyst";"Female";47;1;"College";"Operations";2;63300;3655
"964";"IT";"Male";55;2;"Masters";"Operations";1;91447;3196
"965";"Marketing Associate";"Female";58;2;"High School";"Operations";1;60271;3927
"966";"Warehouse Associate";"Male";34;1;"Masters";"Operations";1;45915;4765
"967";"Marketing Associate";"Female";53;1;"Masters";"Operations";1;66028;3745
"968";"Sales Associate";"Male";57;1;"PhD";"Administration";5;113031;3409
"969";"Software Engineer";"Male";62;1;"High School";"Sales";3;132815;3367
"970";"Manager";"Male";52;1;"High School";"Management";1;110078;1703
"971";"Data Scientist";"Male";57;1;"Masters";"Sales";3;106918;3180
"972";"Software Engineer";"Male";60;1;"High School";"Administration";3;106045;3079
"973";"Warehouse Associate";"Male";65;1;"High School";"Operations";2;107479;2051
"974";"Software Engineer";"Male";64;1;"Masters";"Sales";1;109606;2193
"975";"Marketing Associate";"Female";44;1;"High School";"Engineering";3;91300;3680
"976";"Sales Associate";"Male";56;1;"High School";"Management";1;88195;2375
"977";"Financial Analyst";"Female";54;1;"Masters";"Operations";2;90999;2963
"978";"Sales Associate";"Female";58;1;"College";"Operations";3;86795;3453
"979";"IT";"Female";59;1;"College";"Sales";3;110627;2041
"980";"Marketing Associate";"Female";52;1;"PhD";"Sales";3;97696;3888
"981";"IT";"Male";64;1;"Masters";"Sales";1;92950;2125
"982";"Sales Associate";"Male";56;1;"High School";"Operations";1;82164;2611
"983";"Software Engineer";"Male";62;1;"High School";"Management";3;119069;2788
"984";"Marketing Associate";"Female";59;1;"College";"Engineering";1;62738;2656
"985";"IT";"Female";53;1;"High School";"Administration";2;112169;2763
"986";"Manager";"Male";55;1;"High School";"Administration";1;120574;2683
"987";"Data Scientist";"Male";54;1;"College";"Sales";2;97311;3083
"988";"Marketing Associate";"Female";59;1;"High School";"Operations";3;98796;3042
"989";"Sales Associate";"Male";62;1;"Masters";"Administration";2;102593;1823
"990";"Financial Analyst";"Female";65;1;"High School";"Administration";2;96665;2645
"991";"Graphic Designer";"Female";61;1;"Masters";"Engineering";1;91030;3318
"992";"IT";"Female";65;1;"Masters";"Administration";1;106945;2041
"993";"Graphic Designer";"Female";63;1;"College";"Administration";2;81545;3418
"994";"Marketing Associate";"Female";65;1;"Masters";"Administration";1;80789;1884
"995";"Marketing Associate";"Female";64;1;"PhD";"Administration";2;85253;2777
"996";"Marketing Associate";"Female";61;1;"High School";"Administration";1;62644;3270
"997";"Data Scientist";"Male";57;1;"Masters";"Sales";2;108977;3567
"998";"Financial Analyst";"Male";48;1;"High School";"Operations";1;92347;2724
"999";"Financial Analyst";"Male";65;2;"High School";"Administration";1;97376;2225
"1000";"Financial Analyst";"Male";60;1;"PhD";"Sales";2;123108;2244
